{
  "project_info": {
    "project_number": "591122554249",
    "firebase_url": "https://mobistore-704bf-default-rtdb.europe-west1.firebasedatabase.app",
    "project_id": "mobistore-704bf",
    "storage_bucket": "mobistore-704bf.appspot.com"
  },
  "client": [
    {
      "client_info": {
        "mobilesdk_app_id": "1:591122554249:android:d34a1ffae6f0f889ef9558",
        "android_client_info": {
          "package_name": "com.example.myapplication"
        }
      },
      "oauth_client": [
        {
          "client_id": "591122554249-dhthd96tl13hq0r03bhj8qrv71d30pfu.apps.googleusercontent.com",
          "client_type": 1,
          "android_info": {
            "package_name": "com.example.myapplication",
            "certificate_hash": "0f5258888920cc056362332e74157f0372b240f0"
          }
        },
        {
          "client_id": "591122554249-6hrjltqj1s81tn09bkb7ggisl46h884v.apps.googleusercontent.com",
          "client_type": 3
        }
      ],
      "api_key": [
        {
          "current_key": "AIzaSyDZzJA26jTMaA8IhsAfXpSuZEC72t-V3q8"
        }
      ],
      "services": {
        "appinvite_service": {
          "other_platform_oauth_client": [
            {
              "client_id": "591122554249-6hrjltqj1s81tn09bkb7ggisl46h884v.apps.googleusercontent.com",
              "client_type": 3
            }
          ]
        }
      }
    }
  ],
  "configuration_version": "1"
}